-- seed.sql — Datos de prueba para desarrollo local
-- Contraseña de todos los usuarios: Admin1234!

-- ─── División M15 Prueba ──────────────────────────────────────────────────────

INSERT INTO public.divisiones (id, nombre, categoria, activa)
VALUES ('00000000-0000-0000-0000-000000000001', 'M15 Prueba', 'juvenil', true);


-- ─── Usuarios en auth.users ───────────────────────────────────────────────────

INSERT INTO auth.users (
  instance_id, id, aud, role, email,
  encrypted_password, email_confirmed_at,
  raw_app_meta_data, raw_user_meta_data,
  created_at, updated_at,
  confirmation_token, recovery_token,
  email_change_token_new, email_change
) VALUES
  (
    '00000000-0000-0000-0000-000000000000',
    '00000000-0000-0000-0001-000000000001',
    'authenticated', 'authenticated', 'admin@uncas.club',
    crypt('Admin1234!', gen_salt('bf')), now(),
    '{"provider":"email","providers":["email"]}', '{}',
    now(), now(), '', '', '', ''
  ),
  (
    '00000000-0000-0000-0000-000000000000',
    '00000000-0000-0000-0001-000000000002',
    'authenticated', 'authenticated', 'subco@uncas.club',
    crypt('Admin1234!', gen_salt('bf')), now(),
    '{"provider":"email","providers":["email"]}', '{}',
    now(), now(), '', '', '', ''
  ),
  (
    '00000000-0000-0000-0000-000000000000',
    '00000000-0000-0000-0001-000000000003',
    'authenticated', 'authenticated', 'coordinador@uncas.club',
    crypt('Admin1234!', gen_salt('bf')), now(),
    '{"provider":"email","providers":["email"]}', '{}',
    now(), now(), '', '', '', ''
  ),
  (
    '00000000-0000-0000-0000-000000000000',
    '00000000-0000-0000-0001-000000000004',
    'authenticated', 'authenticated', 'entrenador@uncas.club',
    crypt('Admin1234!', gen_salt('bf')), now(),
    '{"provider":"email","providers":["email"]}', '{}',
    now(), now(), '', '', '', ''
  ),
  (
    '00000000-0000-0000-0000-000000000000',
    '00000000-0000-0000-0001-000000000005',
    'authenticated', 'authenticated', 'manager@uncas.club',
    crypt('Admin1234!', gen_salt('bf')), now(),
    '{"provider":"email","providers":["email"]}', '{}',
    now(), now(), '', '', '', ''
  );


-- ─── Identidades (necesario para login con email/password) ───────────────────

INSERT INTO auth.identities (
  id, user_id, provider_id, identity_data, provider,
  last_sign_in_at, created_at, updated_at
) VALUES
  (
    '00000000-0000-0000-0001-000000000001',
    '00000000-0000-0000-0001-000000000001',
    'admin@uncas.club',
    '{"sub":"00000000-0000-0000-0001-000000000001","email":"admin@uncas.club"}',
    'email', now(), now(), now()
  ),
  (
    '00000000-0000-0000-0001-000000000002',
    '00000000-0000-0000-0001-000000000002',
    'subco@uncas.club',
    '{"sub":"00000000-0000-0000-0001-000000000002","email":"subco@uncas.club"}',
    'email', now(), now(), now()
  ),
  (
    '00000000-0000-0000-0001-000000000003',
    '00000000-0000-0000-0001-000000000003',
    'coordinador@uncas.club',
    '{"sub":"00000000-0000-0000-0001-000000000003","email":"coordinador@uncas.club"}',
    'email', now(), now(), now()
  ),
  (
    '00000000-0000-0000-0001-000000000004',
    '00000000-0000-0000-0001-000000000004',
    'entrenador@uncas.club',
    '{"sub":"00000000-0000-0000-0001-000000000004","email":"entrenador@uncas.club"}',
    'email', now(), now(), now()
  ),
  (
    '00000000-0000-0000-0001-000000000005',
    '00000000-0000-0000-0001-000000000005',
    'manager@uncas.club',
    '{"sub":"00000000-0000-0000-0001-000000000005","email":"manager@uncas.club"}',
    'email', now(), now(), now()
  );


-- ─── Profiles ────────────────────────────────────────────────────────────────

INSERT INTO public.profiles (id, rol, nombre, divisiones, activo)
VALUES
  ('00000000-0000-0000-0001-000000000001', 'admin',       'Admin Sistema',  NULL,                                              true),
  ('00000000-0000-0000-0001-000000000002', 'subcomision',  'Subcomisión',    NULL,                                              true),
  ('00000000-0000-0000-0001-000000000003', 'coordinador',  'Coordinador',    '{00000000-0000-0000-0000-000000000001}',           true),
  ('00000000-0000-0000-0001-000000000004', 'entrenador',   'Entrenador',     '{00000000-0000-0000-0000-000000000001}',           true),
  ('00000000-0000-0000-0001-000000000005', 'manager',      'Manager',        '{00000000-0000-0000-0000-000000000001}',           true);


-- ─── Jugadores de prueba (M15 Prueba) ────────────────────────────────────────

INSERT INTO public.jugadores (id, nombre_completo, dni, fecha_nacimiento, division_id, activo)
VALUES
  ('00000000-0000-0000-0002-000000000001', 'Agustín Torres',    '40000001', '2010-03-15', '00000000-0000-0000-0000-000000000001', true),
  ('00000000-0000-0000-0002-000000000002', 'Bruno Méndez',      '40000002', '2010-07-22', '00000000-0000-0000-0000-000000000001', true),
  ('00000000-0000-0000-0002-000000000003', 'Carlos Ruiz',       '40000003', '2010-11-08', '00000000-0000-0000-0000-000000000001', true),
  ('00000000-0000-0000-0002-000000000004', 'Diego Fernández',   '40000004', '2011-02-14', '00000000-0000-0000-0000-000000000001', true),
  ('00000000-0000-0000-0002-000000000005', 'Emilio García',     '40000005', '2011-05-30', '00000000-0000-0000-0000-000000000001', true),
  ('00000000-0000-0000-0002-000000000006', 'Franco López',      '40000006', '2010-09-17', '00000000-0000-0000-0000-000000000001', true),
  ('00000000-0000-0000-0002-000000000007', 'Gonzalo Martínez',  '40000007', '2011-01-25', '00000000-0000-0000-0000-000000000001', true),
  ('00000000-0000-0000-0002-000000000008', 'Hernán Sosa',       '40000008', '2010-06-03', '00000000-0000-0000-0000-000000000001', true),
  ('00000000-0000-0000-0002-000000000009', 'Ignacio Pérez',     '40000009', '2011-08-19', '00000000-0000-0000-0000-000000000001', true),
  ('00000000-0000-0000-0002-000000000010', 'Julián Castro',     '40000010', '2010-12-11', '00000000-0000-0000-0000-000000000001', true);


-- ─── Fichajes (uno por jugador, registrado por el manager) ───────────────────

INSERT INTO public.fichajes (jugador_id, fecha_fichaje, registrado_por)
VALUES
  ('00000000-0000-0000-0002-000000000001', '2026-03-01', '00000000-0000-0000-0001-000000000005'),
  ('00000000-0000-0000-0002-000000000002', '2026-03-01', '00000000-0000-0000-0001-000000000005'),
  ('00000000-0000-0000-0002-000000000003', '2026-03-01', '00000000-0000-0000-0001-000000000005'),
  ('00000000-0000-0000-0002-000000000004', '2026-03-01', '00000000-0000-0000-0001-000000000005'),
  ('00000000-0000-0000-0002-000000000005', '2026-03-01', '00000000-0000-0000-0001-000000000005'),
  ('00000000-0000-0000-0002-000000000006', '2026-03-01', '00000000-0000-0000-0001-000000000005'),
  ('00000000-0000-0000-0002-000000000007', '2026-03-01', '00000000-0000-0000-0001-000000000005'),
  ('00000000-0000-0000-0002-000000000008', '2026-03-01', '00000000-0000-0000-0001-000000000005'),
  ('00000000-0000-0000-0002-000000000009', '2026-03-01', '00000000-0000-0000-0001-000000000005'),
  ('00000000-0000-0000-0002-000000000010', '2026-03-01', '00000000-0000-0000-0001-000000000005');


-- ─── Partido de prueba ────────────────────────────────────────────────────────

INSERT INTO public.eventos (id, tipo, division_id, fecha, hora, lugar, rival, creado_por)
VALUES
  ('00000000-0000-0000-0003-000000000001',
   'partido',
   '00000000-0000-0000-0000-000000000001',
   '2026-05-20',
   '15:00',
   'Cancha principal',
   'Pampas RC',
   '00000000-0000-0000-0001-000000000003');
